id,name,email,ip_address,credit_card
1,Bert Eshelby,beshelby0@t-online.de,13.84.33.231,3.54395E+15
2,Wayne Jelk,wjelk1@miibeian.gov.cn,219.115.22.1,3.57492E+15
3,Jeno Woodruff,jwoodruff2@scientificamerican.com,60.76.116.163,3.58874E+15
4,Marisa Branton,mbranton3@msn.com,169.9.150.151,5.10014E+15
5,Freddi Poulson,fpoulson4@4shared.com,67.21.14.81,3.54684E+15
6,Salvidor Albisser,salbisser5@nytimes.com,115.132.181.60,3.00705E+13
7,Hendrick Roscoe,hroscoe6@oracle.com,249.5.68.202,4.84461E+15
8,Eyde Red,ered7@weather.com,76.81.32.43,4.84424E+15
9,Rosaleen Barnewille,rbarnewille8@japanpost.jp,179.92.92.173,3.58111E+15
10,Ancell Glaze,aglaze9@yahoo.com,17.24.68.129,3.74284E+14
11,Candide Vittery,cvitterya@google.com.br,179.181.157.45,4.90367E+17
12,Madeleine Dreelan,mdreelanb@oracle.com,69.99.241.6,3.00167E+13
13,Myra Thewys,mthewysc@fastcompany.com,60.179.191.191,3.55644E+15
14,Haywood Wimmers,hwimmersd@de.vu,252.46.81.175,5.60223E+15
15,Alysia Barrow,abarrowe@zdnet.com,43.44.97.49,3.03741E+13
16,Maurie Sewall,msewallf@people.com.cn,226.1.230.115,5.00236E+15
17,Preston Wickes,pwickesg@telegraph.co.uk,47.224.107.181,3.05329E+13
18,Roland Grevile,rgrevileh@businesswire.com,114.100.137.146,3.56626E+15
19,Codi Plaster,cplasteri@adobe.com,101.25.98.61,6.39498E+15
20,Cara Forsythe,cforsythej@ucoz.com,189.41.208.75,3.55788E+15
21,Mac Kachel,mkachelk@mac.com,180.155.212.193,3.56179E+15
22,Ransom Melia,rmelial@businessweek.com,33.143.128.96,3.57806E+15
23,Raymond Boorer,rboorerm@newsvine.com,245.62.215.2,3.56857E+15
24,Kally Treversh,ktrevershn@dailymotion.com,92.243.172.82,5.5197E+15
25,Rania Pailin,rpailino@lulu.com,231.231.124.129,3.02142E+13
26,Brant Gethouse,bgethousep@sitemeter.com,139.98.53.142,5.60223E+15
27,Oralia Immings,oimmingsq@google.cn,34.93.57.186,3.56768E+15
28,Alethea Rumble,arumbler@theglobeandmail.com,204.124.88.219,3.54691E+15
29,Hasheem Polye,hpolyes@hubpages.com,82.75.97.204,3.57551E+15
30,Ingmar Corten,icortent@epa.gov,30.168.150.95,5.60222E+15
31,Carly Weddeburn - Scrimgeour,cweddeburnu@kickstarter.com,79.106.126.157,5.60222E+15
32,Delcine Powdrill,dpowdrillv@go.com,99.131.85.39,5.60223E+15
33,Ross Rosenzwig,rrosenzwigw@uiuc.edu,180.248.210.105,5.50983E+15
34,Dina Trussell,dtrussellx@cdbaby.com,165.84.10.0,5.59928E+15
35,Linn Yeatman,lyeatmany@ted.com,140.119.138.70,4.00006E+12
36,Faunie Morena,fmorenaz@stumbleupon.com,85.179.195.254,5.59215E+15
37,Vassili Samsin,vsamsin10@stumbleupon.com,246.206.192.208,5.00767E+15
38,Calida Arlow,carlow11@blinklist.com,109.88.110.37,3.53139E+15
39,Witty Ainge,wainge12@studiopress.com,239.89.118.179,3.54395E+18
40,Berta Ibanez,bibanez13@dmoz.org,75.127.73.158,3.56006E+15
41,Zuzana Ranger,zranger14@live.com,161.34.216.246,3.53881E+15
42,Tobias Carnilian,tcarnilian15@nydailynews.com,64.8.32.73,3.53363E+15
43,Norbie Blizard,nblizard16@smugmug.com,252.134.250.39,3.53044E+15
44,Farr Arman,farman17@businessinsider.com,74.26.118.37,5.10876E+15
45,Mateo Fortman,mfortman18@diigo.com,207.178.17.66,3.00952E+13
46,Betti Hanshawe,bhanshawe19@google.com.au,199.135.202.205,5.20493E+15
47,Shanan Geraldini,sgeraldini1a@opera.com,110.83.63.94,3.54081E+15
48,Mignon Lindstrom,mlindstrom1b@earthlink.net,1.20.212.19,3.04378E+13
49,Oliviero Corneliussen,ocorneliussen1c@bizjournals.com,37.82.255.97,3.57683E+15
50,Salli Struan,sstruan1d@earthlink.net,145.57.198.141,6.01151E+18
51,Timmy Hordle,thordle1e@msu.edu,205.176.102.69,3.54456E+15
52,Yves Liversidge,yliversidge1f@shareasale.com,184.97.27.140,3.54696E+15
53,Yolane Ades,yades1g@dropbox.com,145.194.231.214,6.0118E+15
54,Noak McKinstry,nmckinstry1h@google.com.hk,161.78.116.84,3.56943E+15
55,Stanislaus Thornebarrow,sthornebarrow1i@fc2.com,17.152.50.32,6.01158E+15
56,Channa Churm,cchurm1j@yelp.com,112.201.0.243,3.58763E+15
57,Dagmar Langlais,dlanglais1k@scientificamerican.com,233.38.94.238,5.60223E+18
58,Aurel Orrum,aorrum1l@yahoo.com,154.170.150.63,3.55954E+15
59,Lindsey Coonan,lcoonan1m@walmart.com,113.76.78.146,3.77532E+14
60,Madison Hampton,mhampton1n@un.org,17.220.4.5,4.50883E+15
61,Ahmed Larwell,alarwell1o@plala.or.jp,0.88.19.252,3.5617E+15
62,Hulda Heijne,hheijne1p@dropbox.com,61.98.91.6,4.04138E+12
63,Aurthur Goodbody,agoodbody1q@fema.gov,138.69.236.222,3.56762E+15
64,Audrey Munehay,amunehay1r@wordpress.org,89.120.117.124,3.03988E+13
65,Dyna Ashcroft,dashcroft1s@biglobe.ne.jp,157.83.131.243,5.89326E+15
66,Veronike Sivyour,vsivyour1t@apple.com,82.29.20.50,3.56879E+15
67,Esra Ridgers,eridgers1u@indiegogo.com,216.30.32.77,3.54585E+15
68,Dave Haywood,dhaywood1v@vimeo.com,129.130.117.126,3.55083E+15
69,Marleah Laver,mlaver1w@adobe.com,26.144.41.157,3.56973E+15
70,Stanford Heppenspall,sheppenspall1x@merriam-webster.com,123.57.187.16,3.55855E+15
71,Anjanette Harrhy,aharrhy1y@g.co,130.208.74.120,6.70671E+15
72,Nestor Hardage,nhardage1z@cbc.ca,188.75.31.35,6.75965E+15
73,Tate Hockell,thockell20@g.co,119.41.122.225,3.53476E+15
74,Kaycee Labram,klabram21@pbs.org,76.72.179.149,3.56949E+15
75,Clari Crabb,ccrabb22@nsw.gov.au,130.33.217.223,3.5416E+15
76,Barclay Ashburne,bashburne23@opensource.org,172.112.184.117,3.5475E+15
77,Levy Meachem,lmeachem24@google.com,97.107.133.51,3.58725E+15
78,Lukas Whitney,lwhitney25@squarespace.com,97.27.137.139,3.78708E+14
79,Lin Mahaddie,lmahaddie26@yale.edu,90.96.172.188,3.7868E+14
80,Seymour Lesper,slesper27@walmart.com,60.34.209.77,5.52345E+15
81,Heda Checcuzzi,hcheccuzzi28@sciencedaily.com,113.64.230.20,3.57325E+15
82,Conn McCaskill,cmccaskill29@wisc.edu,75.101.210.123,3.53956E+15
83,Codee Dellar,cdellar2a@ucoz.com,167.226.254.91,4.02624E+15
84,Gay Brinsden,gbrinsden2b@phoca.cz,31.34.88.101,3.56642E+15
85,Brice Rodgman,brodgman2c@123-reg.co.uk,163.252.95.114,3.73905E+14
86,Selle MacKeeg,smackeeg2d@artisteer.com,162.36.79.215,4.80447E+12
87,Fairlie Kleinplac,fkleinplac2e@foxnews.com,77.243.76.155,4.84455E+15
88,Dorotea Butterley,dbutterley2f@canalblog.com,6.185.176.235,5.28483E+15
89,Irv McGeachey,imcgeachey2g@paypal.com,244.61.14.70,5.58929E+15
90,Lanny Bourdas,lbourdas2h@istockphoto.com,234.10.9.161,6.76202E+15
91,Alleyn Bottrill,abottrill2i@hostgator.com,116.3.191.92,5.02019E+15
92,Matthias Bakster,mbakster2j@a8.net,172.14.56.223,3.74283E+14
93,Ravid Kenwell,rkenwell2k@accuweather.com,138.127.215.188,4.01795E+15
94,Brady Hedman,bhedman2l@whitehouse.gov,54.140.212.33,4.90506E+15
95,Dru Rawcliffe,drawcliffe2m@bandcamp.com,221.214.157.162,3.54394E+15
96,Ranice Pigeon,rpigeon2n@lulu.com,229.32.222.248,5.60226E+15
97,Boniface Gallgher,bgallgher2o@tuttocitta.it,166.187.58.185,3.55687E+15
98,Margy Roomes,mroomes2p@instagram.com,93.24.151.42,3.54334E+15
99,Hal Aldus,haldus2q@t-online.de,227.97.137.32,5.43468E+15
100,Everard Mulqueeny,emulqueeny2r@mlb.com,233.111.221.225,5.41946E+15
